Learner,ScaleType,ScaleValue,K,T,Tau,GoodputMbps,GoodputCI95,PDR,PDRCI95,ExpectedJamHit,ExpectedJamHitCI95,EmpiricalJamHit,EmpiricalJamHitCI95,FixedArmRegret,FixedArmRegretCI95,RuntimeSeconds,RuntimePer1000Rounds
LC-Tsallis-INF-Online,K,8,8,10000,NaN,2.89120968079922,0.0136551420208391,0.75054,0.00491845024191789,0.251863458242612,0.00426628168125012,0.2547,0.00522446120135315,-1571.40373748391,34.4358329676067,67.19748878,6.719748878
Risk-aware EXP4,K,8,8,10000,NaN,2.70575876376555,0.0107383267992769,0.74965,0.00283237142887564,0.1640472215931,0.000691797844515269,0.16678,0.00320023981323623,-1050.33318552724,32.4489986097011,33.98361059,3.398361059
AUFH-EXP3++-1,K,8,8,10000,NaN,2.32141895919283,0.00899653375197797,0.66185,0.00210049460841964,0.130379420762962,0.000640831666257562,0.13082,0.00171337834441524,237.833809113021,50.193743675213,25.17471855,2.517471855
D-PACT-AFH-Base,K,8,8,10000,NaN,2.9052997663356,0.010101523205704,0.77319,0.00281804865189451,0.225142667350761,0.00333602450585188,0.22677,0.00291873330516282,-1603.55591263331,28.016182448683,84.48397184,8.448397184
D-PACT-AFH,K,8,8,10000,NaN,2.93082067884622,0.0107663572608831,0.79559,0.00311544108237947,0.197809542143753,0.000761825512184965,0.19943,0.0029883912312666,-1663.06746259757,22.3354993076151,84.85095426,8.485095426
D-PACT-Safe95,K,8,8,10000,0.150454545454545,2.75777956302097,0.0078445530961884,0.77599,0.00189206280844772,0.148903864691294,7.38316372001175e-05,0.15129,0.00218245606395893,-1174.21660705709,24.713079554884,87.36983071,8.736983071
LC-Tsallis-INF-Online,K,12,12,10000,NaN,3.24582981034075,0.0122684563708723,0.83505,0.00324348910896891,0.170089744625414,0.00237449820635431,0.16895,0.0038666350918251,-2041.20902200669,31.7008420033604,68.45345113,6.845345113
Risk-aware EXP4,K,12,12,10000,NaN,2.93181572194156,0.0100387796741545,0.80628,0.00211175283065462,0.104043046450189,0.000427181393554553,0.10334,0.00181509122635751,-1190.66867053976,26.7858986380048,34.68262376,3.468262376
AUFH-EXP3++-1,K,12,12,10000,NaN,2.43858258387989,0.00925622893919794,0.69424,0.00208927787205692,0.0902233070991391,0.000904842905661425,0.0901,0.00202322470878106,335.238740740932,45.7520413853822,26.33833771,2.633833771
D-PACT-AFH-Base,K,12,12,10000,NaN,3.23899214000089,0.0123594726525028,0.84315,0.00373009851523163,0.157963282448841,0.00328870002485187,0.15733,0.00443247546787721,-2024.48708691342,33.4616623930739,69.18731023,6.918731023
D-PACT-AFH,K,12,12,10000,NaN,3.23508570350136,0.00981720742390572,0.86038,0.00172949562846769,0.133633129905154,0.00042845754401501,0.13485,0.00188251852580526,-2009.74801133956,24.4309029296357,78.69468776,7.869468776
D-PACT-Safe95,K,12,12,10000,0.11,3.11078307124399,0.0073473516587869,0.85546,0.00180731414719929,0.108056976992858,6.1148555729398e-05,0.10738,0.00165069809340035,-1680.02144844298,15.725990863771,101.08663596,10.108663596
LC-Tsallis-INF-Online,K,16,16,10000,NaN,3.41619379450808,0.00685023833796991,0.87545,0.00139735461179727,0.127835853459914,0.00154060966212996,0.1271,0.00226132625785057,-2273.35980068044,17.7095738431225,75.79817832,7.579817832
Risk-aware EXP4,K,16,16,10000,NaN,3.03511850086085,0.0109292833039097,0.83196,0.00222252438656787,0.0755638943505659,0.000371740382131355,0.07417,0.00163882516727346,-1270.27215514569,28.5317355541861,36.18391159,3.618391159
AUFH-EXP3++-1,K,16,16,10000,NaN,2.5074789698617,0.015200893085704,0.71362,0.00369728947203218,0.0683122633799558,0.000784911300913638,0.06819,0.00242428927133523,252.039775609923,57.6335705880567,26.57402065,2.657402065
D-PACT-AFH-Base,K,16,16,10000,NaN,3.41069900154668,0.0121109501417932,0.88079,0.00255142351203751,0.119562952512561,0.00111219204164193,0.11891,0.00276298212162954,-2255.71403226406,30.1161274390799,99.45205057,9.945205057
D-PACT-AFH,K,16,16,10000,NaN,3.39749628131439,0.00613035051743426,0.89549,0.00129104022830859,0.0996729011031841,0.000399593087204988,0.09903,0.00134499421560094,-2217.3577702915,19.6717357297165,110.68467292,11.068467292
D-PACT-Safe95,K,16,16,10000,0.0897727272727273,3.31566528278397,0.00946347727444691,0.89364,0.00228689065569631,0.0868450585124551,0.000100681083767058,0.08535,0.00178666062188032,-1999.27954993409,27.8533755109524,113.79506295,11.379506295
LC-Tsallis-INF-Online,K,32,32,10000,NaN,3.67625936443801,0.00739445731652501,0.94062,0.00177047306170475,0.0547182133124211,0.00108366358728608,0.05381,0.0019280419036479,-2612.16230455883,21.4981857143047,95.0422387,9.50422387
Risk-aware EXP4,K,32,32,10000,NaN,3.11584733158458,0.0120803983127203,0.85577,0.0027015234582649,0.0351109811165942,4.09774073703184e-05,0.03513,0.000976531194244881,-1185.06791660569,36.479299859374,46.60271924,4.660271924
AUFH-EXP3++-1,K,32,32,10000,NaN,2.60518078126057,0.00961029445911079,0.7409,0.00235598920955839,0.0346412692338048,0.000592913900980285,0.03463,0.00109403587997226,147.91093577346,24.7343110976886,36.17110658,3.617110658
D-PACT-AFH-Base,K,32,32,10000,NaN,3.66632466865789,0.00596630541520488,0.9424,0.00152829735326605,0.0516258425744024,0.000861058832146206,0.05093,0.00144386666666667,-2586.53894554169,22.2903209615036,136.90325763,13.690325763
D-PACT-AFH,K,32,32,10000,NaN,3.63923909585052,0.00640034123323253,0.94578,0.00163380366561524,0.0458513124525638,0.000194866031448845,0.04672,0.00137876554126428,-2515.23841280055,20.4329636019419,114.35738756,11.435738756
D-PACT-Safe95,K,32,32,10000,0.0594318181818182,3.63793213414127,0.00645644031174103,0.94575,0.00157621321174798,0.0457836807959125,0.00019688048345566,0.04661,0.00134480378742278,-2512.44163053435,20.9612904582054,73.18081983,7.318081983
LC-Tsallis-INF-Online,T,1000,12,1000,NaN,3.28713248958385,0.030847159152294,0.8599,0.00901244857590508,0.116739154652029,0.00341422151761905,0.1156,0.00987895307093711,-193.15877512533,7.71379683216983,2.15110907,2.15110907
Risk-aware EXP4,T,1000,12,1000,NaN,2.77714630586787,0.0398819886031279,0.7742,0.0096454660390834,0.0902888915705899,0.00030066640215543,0.0898,0.00416086657640769,-59.6433444470349,12.0379912658239,0.92547808,0.92547808
AUFH-EXP3++-1,T,1000,12,1000,NaN,2.41934502781361,0.0442779352220362,0.6879,0.0129401239217834,0.0864965864294405,0.00118961901525704,0.087,0.00542699425710648,33.9326625295662,11.6983900832888,0.67623366,0.67623366
D-PACT-AFH-Base,T,1000,12,1000,NaN,3.28511754603423,0.0250086106457322,0.863,0.00827956627956911,0.115671095268625,0.00257900004594682,0.112,0.0072986427962099,-193.618414583522,4.38413786911855,2.94395693,2.94395693
D-PACT-AFH,T,1000,12,1000,NaN,3.30634368056439,0.037432916437201,0.8716,0.00880037817369232,0.112208177124359,0.00101218913766157,0.1044,0.00796530967522432,-198.722088015882,7.16972105967846,2.92067723,2.92067723
D-PACT-Safe95,T,1000,12,1000,0.11,3.23217856190442,0.0314110524449212,0.8633,0.00764176605533332,0.103180498661798,0.000558460322622807,0.0977,0.00692687404245234,-178.789997392303,5.84862348526191,2.98857907,2.98857907
LC-Tsallis-INF-Online,T,5000,12,5000,NaN,3.25510043150754,0.0124115741047697,0.84056,0.00355153826828758,0.157042683198476,0.00279703909495567,0.15684,0.0041431018846592,-1010.55859448329,17.8307423638125,11.76297064,2.352594128
Risk-aware EXP4,T,5000,12,5000,NaN,2.90401440631255,0.0154558589581066,0.80126,0.00393046115247448,0.0977975818125657,0.000411726691466858,0.0964,0.00240653805750547,-537.835082668288,27.0064168630416,4.89885708,0.979771416
AUFH-EXP3++-1,T,5000,12,5000,NaN,2.44463081672999,0.0201124443857298,0.69726,0.00617793602930802,0.089330253967129,0.00155993727268727,0.08954,0.00338729234115458,129.319057859624,43.9596336285736,3.62449977,0.724899954
D-PACT-AFH-Base,T,5000,12,5000,NaN,3.24914230951327,0.0114279785885491,0.8477,0.00418184371885044,0.147842144573817,0.00526108383012013,0.14798,0.0053892515844039,-1006.93332754486,15.0127371062221,15.43520474,3.087040948
D-PACT-AFH,T,5000,12,5000,NaN,3.26133979322342,0.0159749248553845,0.86444,0.00354480147445993,0.130059367847642,0.000841410091948629,0.12864,0.0034919062326726,-1018.19545485924,23.767149289789,15.87983403,3.175966806
D-PACT-Safe95,T,5000,12,5000,0.11,3.14074657433053,0.0135638559719889,0.8567,0.00376775696314575,0.107354343257247,0.000122965528463541,0.1071,0.00328711731866489,-856.492325528677,24.2278186705734,16.41027612,3.282055224
LC-Tsallis-INF-Online,T,10000,12,10000,NaN,3.24582981034075,0.0122684563708723,0.83505,0.00324348910896891,0.170089744625414,0.00237449820635431,0.16895,0.0038666350918251,-2041.20902200669,31.7008420033604,68.45345113,6.845345113
Risk-aware EXP4,T,10000,12,10000,NaN,2.93181572194156,0.0100387796741545,0.80628,0.00211175283065462,0.104043046450189,0.000427181393554553,0.10334,0.00181509122635751,-1190.66867053976,26.7858986380048,34.68262376,3.468262376
AUFH-EXP3++-1,T,10000,12,10000,NaN,2.43858258387989,0.00925622893919794,0.69424,0.00208927787205692,0.0902233070991391,0.000904842905661425,0.0901,0.00202322470878106,335.238740740932,45.7520413853822,26.33833771,2.633833771
D-PACT-AFH-Base,T,10000,12,10000,NaN,3.23899214000089,0.0123594726525028,0.84315,0.00373009851523163,0.157963282448841,0.00328870002485187,0.15733,0.00443247546787721,-2024.48708691342,33.4616623930739,69.18731023,6.918731023
D-PACT-AFH,T,10000,12,10000,NaN,3.23508570350136,0.00981720742390572,0.86038,0.00172949562846769,0.133633129905154,0.00042845754401501,0.13485,0.00188251852580526,-2009.74801133956,24.4309029296357,78.69468776,7.869468776
D-PACT-Safe95,T,10000,12,10000,0.11,3.11078307124399,0.0073473516587869,0.85546,0.00180731414719929,0.108056976992858,6.1148555729398e-05,0.10738,0.00165069809340035,-1680.02144844298,15.725990863771,101.08663596,10.108663596
LC-Tsallis-INF-Online,T,20000,12,20000,NaN,3.23294824507207,0.00562316902457056,0.829325,0.0015302685966123,0.179861474949496,0.0014373436560773,0.17943,0.00192246594421505,-4084.75084476544,30.2136600326825,50.72374816,2.536187408
Risk-aware EXP4,T,20000,12,20000,NaN,2.98189090895538,0.00951697925531837,0.816735,0.00206142196984939,0.112198265925865,0.000417603066507698,0.11191,0.00156485267464172,-2751.05453846182,42.5819442788151,22.88725723,1.1443628615
AUFH-EXP3++-1,T,20000,12,20000,NaN,2.44553785659998,0.00750365011789451,0.696475,0.00155907634336631,0.0884910098825393,0.00053395378772474,0.0889,0.00132193084371141,470.439744161474,83.8701330365308,47.24305872,2.362152936
D-PACT-AFH-Base,T,20000,12,20000,NaN,3.22598285276578,0.0079828828256651,0.83817,0.00207175698274569,0.166636962536346,0.00282790732933131,0.16647,0.00274828221420015,-4048.29855088533,42.0284983177471,152.67035541,7.6335177705
D-PACT-AFH,T,20000,12,20000,NaN,3.22256563520031,0.00623009549756644,0.85923,0.00139729351724443,0.135903036056023,0.000297950606054989,0.13659,0.00148723408603577,-4021.00868290578,34.5504485891543,122.45252119,6.1226260595
D-PACT-Safe95,T,20000,12,20000,0.11,3.08494253473603,0.00380482094823282,0.852955,0.00102455186734928,0.108515049982856,3.57383281187897e-05,0.109305,0.000925389645260611,-3295.52734373291,14.9526741139844,206.99392698,10.349696349
